Type,URL
Apartment,https://immovlan.be/en/detail/apartment/for-sale/3500/hasselt/rbu61969
Apartment,https://immovlan.be/en/detail/apartment/for-sale/3500/hasselt/rbu62018
Apartment,https://immovlan.be/en/detail/apartment/for-sale/3550/heusden-zolder/rbu61357
Apartment,https://immovlan.be/en/detail/apartment/for-sale/3550/heusden-zolder/rbu61358
Apartment,https://immovlan.be/en/detail/apartment/for-sale/3550/heusden-zolder/rbu61359
Apartment,https://immovlan.be/en/detail/apartment/for-sale/3550/heusden-zolder/rbu64219
Apartment,https://immovlan.be/en/detail/apartment/for-sale/3550/heusden-zolder/rbu64221
Apartment,https://immovlan.be/en/detail/apartment/for-sale/3580/beringen/rbu62413
Apartment,https://immovlan.be/en/detail/apartment/for-sale/3582/koersel/rbu64215
Apartment,https://immovlan.be/en/detail/apartment/for-sale/3650/dilsen-stokkem/rbu62045
Apartment,https://immovlan.be/en/detail/apartment/for-sale/3650/dilsen-stokkem/rbu62046
Apartment,https://immovlan.be/en/detail/apartment/for-sale/3650/dilsen-stokkem/rbu62047
Apartment,https://immovlan.be/en/detail/apartment/for-sale/3650/dilsen-stokkem/rbu62048
Apartment,https://immovlan.be/en/detail/apartment/for-sale/3650/dilsen-stokkem/rbu62049
Apartment,https://immovlan.be/en/detail/apartment/for-sale/3650/dilsen-stokkem/rbu62050
Apartment,https://immovlan.be/en/detail/apartment/for-sale/3650/dilsen-stokkem/rbu62051
Apartment,https://immovlan.be/en/detail/apartment/for-sale/3650/dilsen-stokkem/rbu62052
Apartment,https://immovlan.be/en/detail/apartment/for-sale/3650/dilsen-stokkem/rbu62053
Apartment,https://immovlan.be/en/detail/apartment/for-sale/3650/dilsen-stokkem/rbu62054
Apartment,https://immovlan.be/en/detail/apartment/for-sale/3650/dilsen-stokkem/rbu62055
Apartment,https://immovlan.be/en/detail/apartment/for-sale/3650/dilsen-stokkem/rbu62056
Apartment,https://immovlan.be/en/detail/apartment/for-sale/3650/dilsen-stokkem/rbu62057
Apartment,https://immovlan.be/en/detail/apartment/for-sale/3680/maaseik/rbu62074
Apartment,https://immovlan.be/en/detail/apartment/for-sale/3680/maaseik/rbu64331
Apartment,https://immovlan.be/en/detail/apartment/for-sale/3840/bommershoven/rbu64524
Apartment,https://immovlan.be/en/detail/apartment/for-sale/3900/overpelt/rbu62103
Apartment,https://immovlan.be/en/detail/apartment/for-sale/3900/pelt/rbu61938
Apartment,https://immovlan.be/en/detail/apartment/for-sale/3900/pelt/rbu61939
Apartment,https://immovlan.be/en/detail/apartment/for-sale/3900/pelt/rbu61940
Apartment,https://immovlan.be/en/detail/apartment/for-sale/3900/pelt/rbu61941
Apartment,https://immovlan.be/en/detail/apartment/for-sale/3900/pelt/rbu61942
Apartment,https://immovlan.be/en/detail/apartment/for-sale/3900/pelt/rbu61943
Apartment,https://immovlan.be/en/detail/apartment/for-sale/3900/pelt/rbu61944
Apartment,https://immovlan.be/en/detail/apartment/for-sale/3900/pelt/rbu61945
Apartment,https://immovlan.be/en/detail/apartment/for-sale/3900/pelt/rbu61946
Apartment,https://immovlan.be/en/detail/apartment/for-sale/3900/pelt/rbu61947
Apartment,https://immovlan.be/en/detail/apartment/for-sale/3900/pelt/rbu61958
Apartment,https://immovlan.be/en/detail/apartment/for-sale/3900/pelt/rbu61959
Apartment,https://immovlan.be/en/detail/apartment/for-sale/3900/pelt/rbu61960
Apartment,https://immovlan.be/en/detail/apartment/for-sale/3900/pelt/rbu61961
Apartment,https://immovlan.be/en/detail/apartment/for-sale/3900/pelt/rbu61962
Apartment,https://immovlan.be/en/detail/apartment/for-sale/3900/pelt/rbu61963
Apartment,https://immovlan.be/en/detail/apartment/for-sale/3900/pelt/rbu62101
Apartment,https://immovlan.be/en/detail/apartment/for-sale/3900/pelt/rbu62102
Apartment,https://immovlan.be/en/detail/apartment/for-sale/3910/neerpelt/rbu65861
Apartment,https://immovlan.be/en/detail/apartment/for-sale/3970/leopoldsburg/rbu65082
Apartment,https://immovlan.be/en/detail/apartment/for-sale/3980/tessenderlo/rbu61984
Apartment,https://immovlan.be/en/detail/apartment/for-sale/4000/liege/vbd47582
Apartment,https://immovlan.be/en/detail/apartment/for-sale/4000/liege/vbd47649
Apartment,https://immovlan.be/en/detail/apartment/for-sale/4000/liege/vbd47667
Apartment,https://immovlan.be/en/detail/apartment/for-sale/4000/liege/vbd48064
Apartment,https://immovlan.be/en/detail/apartment/for-sale/4000/liege/vbd48335
Apartment,https://immovlan.be/en/detail/apartment/for-sale/4000/liege/vbd48597
Apartment,https://immovlan.be/en/detail/apartment/for-sale/4000/liege/vbd48645
Apartment,https://immovlan.be/en/detail/apartment/for-sale/4000/liege/vbd48647
Apartment,https://immovlan.be/en/detail/apartment/for-sale/4000/liege/vbd49310
Apartment,https://immovlan.be/en/detail/apartment/for-sale/4000/liege/vbd49312
Apartment,https://immovlan.be/en/detail/apartment/for-sale/4020/liege/vbd47457
Apartment,https://immovlan.be/en/detail/apartment/for-sale/4020/liege/vbd47848
Apartment,https://immovlan.be/en/detail/apartment/for-sale/4020/liege/vbd48836
Apartment,https://immovlan.be/en/detail/apartment/for-sale/4020/liege/vbd49421
Apartment,https://immovlan.be/en/detail/apartment/for-sale/4020/liege/vbd49584
Apartment,https://immovlan.be/en/detail/apartment/for-sale/4020/liege/vbd49634
Apartment,https://immovlan.be/en/detail/apartment/for-sale/4031/angleur/vbd48822
Apartment,https://immovlan.be/en/detail/apartment/for-sale/4032/chenee/vbd49557
Apartment,https://immovlan.be/en/detail/apartment/for-sale/4053/embourg/vbd44032
Apartment,https://immovlan.be/en/detail/apartment/for-sale/4100/boncelles/vbd47434
Apartment,https://immovlan.be/en/detail/apartment/for-sale/4100/boncelles/vbd48567
Apartment,https://immovlan.be/en/detail/apartment/for-sale/4100/boncelles/vbd48823
Apartment,https://immovlan.be/en/detail/apartment/for-sale/4180/hamoir/vbd47406
Apartment,https://immovlan.be/en/detail/apartment/for-sale/4280/hannut/vbd48403
Apartment,https://immovlan.be/en/detail/apartment/for-sale/4400/flemalle/vbd49049
Apartment,https://immovlan.be/en/detail/apartment/for-sale/4432/xhendremael/vbd49439
Apartment,https://immovlan.be/en/detail/apartment/for-sale/4500/huy/vbd47439
Apartment,https://immovlan.be/en/detail/apartment/for-sale/4500/huy/vbd48451
Apartment,https://immovlan.be/en/detail/apartment/for-sale/4500/huy/vbd49105
Apartment,https://immovlan.be/en/detail/apartment/for-sale/4610/queue-du-bois/vbd47446
Apartment,https://immovlan.be/en/detail/apartment/for-sale/4620/fleron/vbd48290
Apartment,https://immovlan.be/en/detail/apartment/for-sale/4620/fleron/vbd49100
Apartment,https://immovlan.be/en/detail/apartment/for-sale/4728/hergenrath/vbd48205
Apartment,https://immovlan.be/en/detail/apartment/for-sale/4728/hergenrath/vbd48206
Apartment,https://immovlan.be/en/detail/apartment/for-sale/4750/butgenbach/vbd48062
Apartment,https://immovlan.be/en/detail/apartment/for-sale/4780/saint-vith/vbd49116
Apartment,https://immovlan.be/en/detail/apartment/for-sale/4780/saint-vith/vbd49117
Apartment,https://immovlan.be/en/detail/apartment/for-sale/4780/saint-vith/vbd49118
Apartment,https://immovlan.be/en/detail/apartment/for-sale/4780/saint-vith/vbd49119
Apartment,https://immovlan.be/en/detail/apartment/for-sale/4780/saint-vith/vbd49120
Apartment,https://immovlan.be/en/detail/apartment/for-sale/4780/saint-vith/vbd49121
Apartment,https://immovlan.be/en/detail/apartment/for-sale/4780/saint-vith/vbd49122
Apartment,https://immovlan.be/en/detail/apartment/for-sale/4800/ensival/vbd47445
Apartment,https://immovlan.be/en/detail/apartment/for-sale/4870/trooz/vbd49220
Apartment,https://immovlan.be/en/detail/apartment/for-sale/4870/trooz/vbd49221
Apartment,https://immovlan.be/en/detail/apartment/for-sale/5000/namur/vbd44892
Apartment,https://immovlan.be/en/detail/apartment/for-sale/5000/namur/vbd44931
Apartment,https://immovlan.be/en/detail/apartment/for-sale/5000/namur/vbd45938
Apartment,https://immovlan.be/en/detail/apartment/for-sale/5000/namur/vbd45972
Apartment,https://immovlan.be/en/detail/apartment/for-sale/5000/namur/vbd46324
Apartment,https://immovlan.be/en/detail/apartment/for-sale/5000/namur/vbd46440
Apartment,https://immovlan.be/en/detail/apartment/for-sale/5000/namur/vbd46949









































































































































































































































































































































































































































































































































































































































































































































































































































































































































































House,https://immovlan.be/en/detail/residence/for-sale/8940/geluwe/rbu65801
House,https://immovlan.be/en/detail/residence/for-sale/8940/wervik/rwc41138
House,https://immovlan.be/en/detail/residence/for-sale/8940/wervik/rwc41175
House,https://immovlan.be/en/detail/residence/for-sale/8980/zonnebeke/rbu65708
House,https://immovlan.be/en/detail/residence/for-sale/9041/oostakker/rbu65537
House,https://immovlan.be/en/detail/residence/for-sale/9052/zwijnaarde/rbu65488
House,https://immovlan.be/en/detail/residence/for-sale/9080/beervelde/rbu66181
House,https://immovlan.be/en/detail/residence/for-sale/9100/sint-niklaas/rbu65072
House,https://immovlan.be/en/detail/residence/for-sale/9100/sint-niklaas/rbu65750
House,https://immovlan.be/en/detail/residence/for-sale/9100/sint-niklaas/rbu65812
House,https://immovlan.be/en/detail/residence/for-sale/9100/sint-niklaas/rbu65858
House,https://immovlan.be/en/detail/residence/for-sale/9100/sint-niklaas/rbu65876
House,https://immovlan.be/en/detail/residence/for-sale/9112/sinaai/rbu65933
House,https://immovlan.be/en/detail/residence/for-sale/9120/haasdonk/rbu58563
House,https://immovlan.be/en/detail/residence/for-sale/9150/bazel/rbu61997
House,https://immovlan.be/en/detail/residence/for-sale/9170/de-klinge/rbu65877
House,https://immovlan.be/en/detail/residence/for-sale/9190/stekene/rbu65257
House,https://immovlan.be/en/detail/residence/for-sale/9190/stekene/rbu65726
House,https://immovlan.be/en/detail/residence/for-sale/9190/stekene/rbu65934
House,https://immovlan.be/en/detail/residence/for-sale/9255/buggenhout/rbu65732
House,https://immovlan.be/en/detail/residence/for-sale/9290/berlare/rbu65071
House,https://immovlan.be/en/detail/residence/for-sale/9300/aalst/rbu65268
House,https://immovlan.be/en/detail/residence/for-sale/9300/aalst/rbu65777
House,https://immovlan.be/en/detail/residence/for-sale/9300/aalst/rbu65807
House,https://immovlan.be/en/detail/residence/for-sale/9300/aalst/rbu65963
House,https://immovlan.be/en/detail/residence/for-sale/9300/aalst/rbu66215
House,https://immovlan.be/en/detail/residence/for-sale/9308/gijzegem/rbu65534
House,https://immovlan.be/en/detail/residence/for-sale/9320/erembodegem/rbu66185
House,https://immovlan.be/en/detail/residence/for-sale/9340/lede/rbu65734
House,https://immovlan.be/en/detail/residence/for-sale/9340/lede/vbd49301
House,https://immovlan.be/en/detail/residence/for-sale/9400/nederhasselt/rbu66255
House,https://immovlan.be/en/detail/residence/for-sale/9400/ninove/rbu65232
House,https://immovlan.be/en/detail/residence/for-sale/9400/ninove/rbu65893
House,https://immovlan.be/en/detail/residence/for-sale/9400/ninove/rbu66375
House,https://immovlan.be/en/detail/residence/for-sale/9400/ninove/rbu66384
House,https://immovlan.be/en/detail/residence/for-sale/9400/voorde/rbu62441
House,https://immovlan.be/en/detail/residence/for-sale/9402/meerbeke/rbu65839
House,https://immovlan.be/en/detail/residence/for-sale/9406/outer/rbu66304
House,https://immovlan.be/en/detail/residence/for-sale/9450/denderhoutem/rbu66303
House,https://immovlan.be/en/detail/residence/for-sale/9450/denderhoutem/rbu66306
House,https://immovlan.be/en/detail/residence/for-sale/9450/haaltert/rbu65748
House,https://immovlan.be/en/detail/residence/for-sale/9500/geraardsbergen/rbu65043
House,https://immovlan.be/en/detail/residence/for-sale/9500/geraardsbergen/rbu65775
House,https://immovlan.be/en/detail/residence/for-sale/9500/geraardsbergen/rbu66302
House,https://immovlan.be/en/detail/residence/for-sale/9520/sint-lievens-houtem/rbu65002
House,https://immovlan.be/en/detail/residence/for-sale/9520/sint-lievens-houtem/rbu66359
House,https://immovlan.be/en/detail/residence/for-sale/9520/sint-lievens-houtem/rbu66360
House,https://immovlan.be/en/detail/residence/for-sale/9520/sint-lievens-houtem/rbu66361
House,https://immovlan.be/en/detail/residence/for-sale/9520/sint-lievens-houtem/rbu66362
House,https://immovlan.be/en/detail/residence/for-sale/9550/herzele/rbu61494
House,https://immovlan.be/en/detail/residence/for-sale/9570/lierde/rbu65230
House,https://immovlan.be/en/detail/residence/for-sale/9600/ronse/rbu60206
House,https://immovlan.be/en/detail/residence/for-sale/9630/zwalm/rbu62977
House,https://immovlan.be/en/detail/residence/for-sale/9630/zwalm/rbu65710
House,https://immovlan.be/en/detail/residence/for-sale/9660/brakel/rbu65778
House,https://immovlan.be/en/detail/residence/for-sale/9690/ruien/rbu66110
House,https://immovlan.be/en/detail/residence/for-sale/9690/ruien/rbu66112
House,https://immovlan.be/en/detail/residence/for-sale/9690/ruien/rbu66113
House,https://immovlan.be/en/detail/residence/for-sale/9690/ruien/rbu66114
House,https://immovlan.be/en/detail/residence/for-sale/9700/oudenaarde/rbu65736
House,https://immovlan.be/en/detail/residence/for-sale/9800/astene/rbu61377
House,https://immovlan.be/en/detail/residence/for-sale/9800/deinze/rbu65316
House,https://immovlan.be/en/detail/residence/for-sale/9800/deinze/rbu65939
House,https://immovlan.be/en/detail/residence/for-sale/9820/merelbeke/rbu65003
House,https://immovlan.be/en/detail/residence/for-sale/9860/oosterzele/rbu66262
House,https://immovlan.be/en/detail/residence/for-sale/9890/gavere/rbu65006
House,https://immovlan.be/en/detail/residence/for-sale/9900/eeklo/rbu65075
House,https://immovlan.be/en/detail/residence/for-sale/9900/eeklo/rbu66253
House,https://immovlan.be/en/detail/residence/for-sale/9940/ertvelde/rbu65872
House,https://immovlan.be/en/detail/residence/for-sale/9940/evergem/rbu65871
House,https://immovlan.be/en/detail/residence/for-sale/9940/evergem/rbu65873
House,https://immovlan.be/en/detail/residence/for-sale/9950/waarschoot/rbu59253
House,https://immovlan.be/en/detail/residence/for-sale/9950/waarschoot/rbu59254
House,https://immovlan.be/en/detail/residence/for-sale/9970/kaprijke/rbu65857
House,https://immovlan.be/en/detail/residence/for-sale/9990/maldegem/rbu66095
House,https://immovlan.be/en/detail/villa/for-sale/3670/oudsbergen/rbu64790
House,https://immovlan.be/en/detail/villa/for-sale/3680/maaseik/rbu62560
House,https://immovlan.be/en/detail/villa/for-sale/4360/oreye/vbd49104
House,https://immovlan.be/en/detail/villa/for-sale/4520/wanze/vbd49263
House,https://immovlan.be/en/detail/villa/for-sale/4540/amay/vbd48810
House,https://immovlan.be/en/detail/villa/for-sale/4650/herve/vbd49102
House,https://immovlan.be/en/detail/villa/for-sale/5070/le-roux/vbd04806
House,https://immovlan.be/en/detail/villa/for-sale/5070/sart-saint-laurent/vbd45300
House,https://immovlan.be/en/detail/villa/for-sale/5100/dave/vwd15523
House,https://immovlan.be/en/detail/villa/for-sale/5100/wierde/vbd47702
House,https://immovlan.be/en/detail/villa/for-sale/5300/andenne/vbd45588
House,https://immovlan.be/en/detail/villa/for-sale/5500/dinant/vbd49436
House,https://immovlan.be/en/detail/villa/for-sale/5520/onhaye/vbd05656
House,https://immovlan.be/en/detail/villa/for-sale/5540/hastiere/vbd46913
House,https://immovlan.be/en/detail/villa/for-sale/5540/hastiere/vbd46914
House,https://immovlan.be/en/detail/villa/for-sale/5560/ciergnon/vbd45448
House,https://immovlan.be/en/detail/villa/for-sale/5575/gedinne/vwd15432
House,https://immovlan.be/en/detail/villa/for-sale/5575/gedinne/vwd15472
House,https://immovlan.be/en/detail/villa/for-sale/5620/florennes/vbd48098
House,https://immovlan.be/en/detail/villa/for-sale/5651/laneffe/vbd44829
House,https://immovlan.be/en/detail/villa/for-sale/5660/aublain/vbd45575
House,https://immovlan.be/en/detail/villa/for-sale/6060/gilly/vwd15580
House,https://immovlan.be/en/detail/villa/for-sale/6110/montigny-le-tilleul/vbd46156
House,https://immovlan.be/en/detail/villa/for-sale/6120/ham-sur-heure/vbd48755
House,https://immovlan.be/en/detail/villa/for-sale/6200/chatelet/vbd48274
House,https://immovlan.be/en/detail/villa/for-sale/6250/aiseau-presles/vbd49207
House,https://immovlan.be/en/detail/villa/for-sale/6250/presles/vbd49215
House,https://immovlan.be/en/detail/villa/for-sale/6540/lobbes/vbd45817
House,https://immovlan.be/en/detail/villa/for-sale/6560/erquelinnes/vbd44848
House,https://immovlan.be/en/detail/villa/for-sale/7022/hyon/vbd48353
House,https://immovlan.be/en/detail/villa/for-sale/7061/casteau/vbd49619
House,https://immovlan.be/en/detail/villa/for-sale/7180/seneffe/vwd15538
House,https://immovlan.be/en/detail/villa/for-sale/7700/mouscron/vbd48934
House,https://immovlan.be/en/detail/villa/for-sale/7750/amougies/vbd48592
House,https://immovlan.be/en/detail/villa/for-sale/8000/brugge/rbu64786
House,https://immovlan.be/en/detail/villa/for-sale/8500/kortrijk/rbu65059
House,https://immovlan.be/en/detail/villa/for-sale/8500/kortrijk/rbu65063
House,https://immovlan.be/en/detail/villa/for-sale/8501/heule/rbu65315
House,https://immovlan.be/en/detail/villa/for-sale/8511/aalbeke/rbu65051
House,https://immovlan.be/en/detail/villa/for-sale/8530/harelbeke/rbu65056
House,https://immovlan.be/en/detail/villa/for-sale/8531/bavikhove/rbu65064
House,https://immovlan.be/en/detail/villa/for-sale/8553/otegem/rbu65055
House,https://immovlan.be/en/detail/villa/for-sale/8880/ledegem/rbu65728
House,https://immovlan.be/en/detail/villa/for-sale/9080/lochristi/rbu65984
House,https://immovlan.be/en/detail/villa/for-sale/9230/wetteren/rbu65042
House,https://immovlan.be/en/detail/villa/for-sale/9280/lebbeke/rbu65773
House,https://immovlan.be/en/detail/villa/for-sale/9400/ninove/rbu65774
House,https://immovlan.be/en/detail/villa/for-sale/9450/haaltert/rbu65032
House,https://immovlan.be/en/detail/villa/for-sale/9660/brakel/rbu65776
House,https://immovlan.be/en/detail/villa/for-sale/9790/wortegem-petegem/rbu65798
House,https://immovlan.be/en/detail/villa/for-sale/9790/wortegem-petegem/rbu65799
House,https://immovlan.be/en/detail/villa/for-sale/9860/oosterzele/rbu65267
